-- --------------------------------------------------------
-- Host:                         127.0.0.1
-- Server version:               10.4.32-MariaDB - mariadb.org binary distribution
-- Server OS:                    Win64
-- HeidiSQL Version:             12.8.0.6908
-- --------------------------------------------------------

/*!40101 SET @OLD_CHARACTER_SET_CLIENT=@@CHARACTER_SET_CLIENT */;
/*!40101 SET NAMES utf8 */;
/*!50503 SET NAMES utf8mb4 */;
/*!40103 SET @OLD_TIME_ZONE=@@TIME_ZONE */;
/*!40103 SET TIME_ZONE='+00:00' */;
/*!40014 SET @OLD_FOREIGN_KEY_CHECKS=@@FOREIGN_KEY_CHECKS, FOREIGN_KEY_CHECKS=0 */;
/*!40101 SET @OLD_SQL_MODE=@@SQL_MODE, SQL_MODE='NO_AUTO_VALUE_ON_ZERO' */;
/*!40111 SET @OLD_SQL_NOTES=@@SQL_NOTES, SQL_NOTES=0 */;


-- Dumping database structure for ccc
CREATE DATABASE IF NOT EXISTS `ccc` /*!40100 DEFAULT CHARACTER SET utf8mb4 COLLATE utf8mb4_general_ci */;
USE `ccc`;

-- Dumping structure for table ccc.category
CREATE TABLE IF NOT EXISTS `category` (
  `id` int(11) NOT NULL AUTO_INCREMENT,
  `name` varchar(255) NOT NULL,
  PRIMARY KEY (`id`),
  UNIQUE KEY `category_pk_2` (`name`)
) ENGINE=InnoDB AUTO_INCREMENT=4 DEFAULT CHARSET=utf8mb4 COLLATE=utf8mb4_general_ci;

-- Dumping data for table ccc.category: ~3 rows (approximately)
INSERT INTO `category` (`id`, `name`) VALUES
	(2, 'cpu'),
	(1, 'gpu'),
	(3, 'ssd');

-- Dumping structure for table ccc.feature
CREATE TABLE IF NOT EXISTS `feature` (
  `id` int(11) NOT NULL AUTO_INCREMENT,
  `id_category` int(11) NOT NULL,
  `name` varchar(255) NOT NULL,
  `measurement_units` varchar(255) NOT NULL,
  PRIMARY KEY (`id`),
  KEY `feature_category_id_fk` (`id_category`),
  CONSTRAINT `feature_category_id_fk` FOREIGN KEY (`id_category`) REFERENCES `category` (`id`) ON UPDATE CASCADE
) ENGINE=InnoDB AUTO_INCREMENT=35 DEFAULT CHARSET=utf8mb4 COLLATE=utf8mb4_general_ci;

-- Dumping data for table ccc.feature: ~25 rows (approximately)
INSERT INTO `feature` (`id`, `id_category`, `name`, `measurement_units`) VALUES
	(1, 1, 'gpu_clock_speed', 'MHz'),
	(2, 1, 'gpu_turbo_speed', 'MHz'),
	(3, 1, 'pixel_rate', 'GPixel/s'),
	(4, 1, 'texture_mapping_units', ''),
	(5, 1, 'render_output_units', ''),
	(6, 1, 'vram_size', 'GB'),
	(7, 1, 'memory_bus_width', 'bit'),
	(8, 2, 'socket ', ''),
	(9, 2, 'chipset', ''),
	(10, 2, 'semiconductor_size', 'nm'),
	(11, 2, 'thermal_design_power', 'W'),
	(12, 2, 'cpu_clock_speed', 'GHz'),
	(13, 2, 'cpu_turbo_speed', 'GHz'),
	(14, 2, 'threads', ''),
	(15, 2, 'cores', ''),
	(16, 2, 'l1_cache', 'KB'),
	(17, 2, 'l2_cache', 'MB'),
	(18, 2, 'l3_cache', 'MB'),
	(19, 3, 'sequential_read_speed', 'MB/s'),
	(20, 3, 'random_read_speed', 'IOPS'),
	(21, 3, 'sequential_write_speed', 'MB/s'),
	(22, 3, 'random_write_speed', 'IOPS'),
	(23, 3, 'storage', 'GB'),
	(24, 3, 'pcie_version', ''),
	(25, 3, 'terabytes_written', 'TB');

-- Dumping structure for table ccc.products
CREATE TABLE IF NOT EXISTS `products` (
  `id` int(11) NOT NULL AUTO_INCREMENT,
  `manufacturer` varchar(255) NOT NULL,
  `name` varchar(255) NOT NULL,
  `price` varchar(255) NOT NULL,
  `image` varchar(255) NOT NULL,
  `id_category` int(11) NOT NULL,
  PRIMARY KEY (`id`),
  KEY `products_category_id_fk` (`id_category`),
  CONSTRAINT `products_category_id_fk` FOREIGN KEY (`id_category`) REFERENCES `category` (`id`) ON UPDATE CASCADE
) ENGINE=InnoDB AUTO_INCREMENT=99 DEFAULT CHARSET=utf8mb4 COLLATE=utf8mb4_general_ci;

-- Dumping data for table ccc.products: ~96 rows (approximately)
INSERT INTO `products` (`id`, `manufacturer`, `name`, `price`, `image`, `id_category`) VALUES
	(1, 'Nvidia', 'GeForce RTX 4060', '299', 'gpu_default', 1),
	(2, 'Nvidia', 'GeForce RTX 4060 Ti', '399', 'gpu_default', 1),
	(3, 'Nvidia', 'GeForce RTX 4070', '599', 'gpu_default', 1),
	(4, 'Nvidia', 'GeForce RTX 4070 SUPER', '799', 'gpu_default', 1),
	(5, 'Nvidia', 'GeForce RTX 4070 Ti SUPER', '799', 'gpu_default', 1),
	(6, 'Nvidia', 'GeForce RTX 4080', '1199', 'gpu_default', 1),
	(7, 'Nvidia', 'GeForce RTX 4080 SUPER', '999', 'gpu_default', 1),
	(8, 'Nvidia', 'GeForce RTX 4090', '1599', 'gpu_default', 1),
	(9, 'Nvidia', 'GeForce RTX 3050', '249', 'gpu_default', 1),
	(10, 'Nvidia', 'GeForce RTX 3060', '329', 'gpu_default', 1),
	(11, 'Nvidia', 'GeForce RTX 3060 Ti', '399', 'gpu_default', 1),
	(12, 'Nvidia', 'GeForce RTX 3070', '499', 'gpu_default', 1),
	(13, 'Nvidia', 'GeForce RTX 3070 Ti', '599', 'gpu_default', 1),
	(14, 'Nvidia', 'GeForce RTX 3080', '699', 'gpu_default', 1),
	(15, 'Nvidia', 'GeForce RTX 3080 Ti', '1199', 'gpu_default', 1),
	(16, 'Nvidia', 'GeForce RTX 3090', '1499', 'gpu_default', 1),
	(17, 'Nvidia', 'GeForce RTX 3090 Ti', '1999', 'gpu_default', 1),
	(18, 'AMD', 'Radeon RX 7600', '269', 'gpu_default', 1),
	(19, 'AMD', 'Radeon RX 7600 XT', '329', 'gpu_default', 1),
	(20, 'AMD', 'Radeon RX 7700 XT', '449', 'gpu_default', 1),
	(21, 'AMD', 'Radeon RX 7800 XT', '499', 'gpu_default', 1),
	(22, 'AMD', 'Radeon RX 7900 GRE', '549', 'gpu_default', 1),
	(23, 'AMD', 'Radeon RX 7900 XT', '899', 'gpu_default', 1),
	(24, 'AMD', 'Radeon RX 7900 XTX', '999', 'gpu_default', 1),
	(25, 'AMD', 'Radeon RX 6600', '329', 'gpu_default', 1),
	(26, 'AMD', 'Radeon RX 6600 XT', '379', 'gpu_default', 1),
	(27, 'AMD', 'Radeon RX 6650 XT', '399', 'gpu_default', 1),
	(28, 'AMD', 'Radeon RX 6700', '479', 'gpu_default', 1),
	(29, 'AMD', 'Radeon RX 6700 XT', '479', 'gpu_default', 1),
	(30, 'AMD', 'Radeon RX 6750 XT', '549', 'gpu_default', 1),
	(31, 'AMD', 'Radeon RX 6800', '579', 'gpu_default', 1),
	(32, 'AMD', 'Radeon RX 6800 XT', '649', 'gpu_default', 1),
	(33, 'AMD', 'Radeon RX 6900 XT', '999', 'gpu_default', 1),
	(34, 'AMD', 'Ryzen 9 5950X', '799', 'cpu_default_ryzen', 2),
	(35, 'AMD', 'Ryzen 9 5900X', '549', 'cpu_default_ryzen', 2),
	(36, 'AMD', 'Ryzen 7 5800X', '449', 'cpu_default_ryzen', 2),
	(37, 'AMD', 'Ryzen 7 5800X3D', '449', 'cpu_default_ryzen', 2),
	(38, 'AMD', 'Ryzen 5 5600X', '299', 'cpu_default_ryzen', 2),
	(39, 'AMD', 'Ryzen 5 5600', '199', 'cpu_default_ryzen', 2),
	(40, 'AMD', 'Ryzen 9 7950X', '699', 'cpu_default_ryzen', 2),
	(41, 'AMD', 'Ryzen 9 7950X3D', '699', 'cpu_default_ryzen', 2),
	(42, 'AMD', 'Ryzen 9 7900X', '549', 'cpu_default_ryzen', 2),
	(43, 'AMD', 'Ryzen 9 7900', '429', 'cpu_default_ryzen', 2),
	(44, 'AMD', 'Ryzen 9 7900X3D', '599', 'cpu_default_ryzen', 2),
	(45, 'AMD', 'Ryzen 7 7800X3D', '449', 'cpu_default_ryzen', 2),
	(46, 'AMD', 'Ryzen 7 7700X', '399', 'cpu_default_ryzen', 2),
	(47, 'AMD', 'Ryzen 7 7700', '329', 'cpu_default_ryzen', 2),
	(48, 'AMD', 'Ryzen 5 7600X', '299', 'cpu_default_ryzen', 2),
	(49, 'AMD', 'Ryzen 5 7600', '229', 'cpu_default_ryzen', 2),
	(50, 'Intel', 'Core i9-14900K', '589', 'cpu_default_intel', 2),
	(51, 'Intel', 'Core i9-14900KF', '564', 'cpu_default_intel', 2),
	(52, 'Intel', 'Core i7-14700K', '409', 'cpu_default_intel', 2),
	(53, 'Intel', 'Core i7-14700KF', '384', 'cpu_default_intel', 2),
	(54, 'Intel', 'Core i5-14600K', '319', 'cpu_default_intel', 2),
	(55, 'Intel', 'Core i5-14600KF', '294', 'cpu_default_intel', 2),
	(56, 'Intel', 'Core i9-13900K', '569', 'cpu_default_intel', 2),
	(57, 'Intel', 'Core i9-13900KF', '536', 'cpu_default_intel', 2),
	(58, 'Intel', 'Core i7-13700K', '409', 'cpu_default_intel', 2),
	(59, 'Intel', 'Core i7-13700KF', '379', 'cpu_default_intel', 2),
	(60, 'Intel', 'Core i5-13600K', '319', 'cpu_default_intel', 2),
	(61, 'Intel', 'Core i5-13600KF', '284', 'cpu_default_intel', 2),
	(62, 'Intel', 'Core i5-13400', '207', 'cpu_default_intel', 2),
	(63, 'Intel', 'Core i5-13400F', '196', 'cpu_default_intel', 2),
	(64, 'WD', 'Black SN850X 1TB', '129', 'ssd_default', 3),
	(65, 'WD', 'Black SN850X 2TB', '239', 'ssd_default', 3),
	(66, 'WD', 'Black SN850X 4TB', '479', 'ssd_default', 3),
	(67, 'Seagate', 'FireCuda 530 500GB', '109', 'ssd_default', 3),
	(68, 'Seagate', 'FireCuda 530 1TB', '179', 'ssd_default', 3),
	(69, 'Seagate', 'FireCuda 530 2TB', '289', 'ssd_default', 3),
	(70, 'Seagate', 'FireCuda 530 4TB', '539', 'ssd_default', 3),
	(71, 'Kingston', 'KC3000 512GB', '99', 'ssd_default', 3),
	(72, 'Kingston', 'KC3000 1TB', '149', 'ssd_default', 3),
	(73, 'Kingston', 'KC3000 2TB', '259', 'ssd_default', 3),
	(74, 'Kingston', 'KC3000 4TB', '479', 'ssd_default', 3),
	(75, 'Crucial', 'P5 Plus 500GB', '79', 'ssd_default', 3),
	(76, 'Crucial', 'P5 Plus 1TB', '109', 'ssd_default', 3),
	(77, 'Crucial', 'P5 Plus 2TB', '199', 'ssd_default', 3),
	(78, 'Patriot', 'Viper VP4300 1TB', '129', 'ssd_default', 3),
	(79, 'Patriot', 'Viper VP4300 2TB', '249', 'ssd_default', 3),
	(80, 'WD', 'Black SN750 250GB', '59', 'ssd_default', 3),
	(81, 'WD', 'Black SN750 500GB', '79', 'ssd_default', 3),
	(82, 'WD', 'Black SN750 1TB', '119', 'ssd_default', 3),
	(83, 'WD', 'Black SN750 2TB', '199', 'ssd_default', 3),
	(84, 'Samsung', '970 Pro 250GB', '89', 'ssd_default', 3),
	(85, 'Samsung', '970 Pro 500GB', '139', 'ssd_default', 3),
	(86, 'Samsung', '970 Pro 1TB', '229', 'ssd_default', 3),
	(87, 'Crucial', 'P5 250GB', '49', 'ssd_default', 3),
	(88, 'Crucial', 'P5 500GB', '69', 'ssd_default', 3),
	(89, 'Crucial', 'P5 1TB', '109', 'ssd_default', 3),
	(90, 'Crucial', 'P5 2TB', '179', 'ssd_default', 3),
	(91, 'Kingston', 'A2000 250GB', '39', 'ssd_default', 3),
	(92, 'Kingston', 'A2000 500GB', '54', 'ssd_default', 3),
	(93, 'Kingston', 'A2000 1TB', '84', 'ssd_default', 3),
	(94, 'Seagate', 'FireCuda 510 500GB', '89', 'ssd_default', 3),
	(95, 'Seagate', 'FireCuda 510 1TB', '139', 'ssd_default', 3),
	(96, 'Seagate', 'FireCuda 510 2TB', '259', 'ssd_default', 3);

-- Dumping structure for table ccc.products_feature
CREATE TABLE IF NOT EXISTS `products_feature` (
  `id` int(11) NOT NULL AUTO_INCREMENT,
  `value` varchar(255) NOT NULL,
  `id_products` int(11) NOT NULL,
  `id_feature` int(11) NOT NULL,
  PRIMARY KEY (`id`),
  KEY `products_feature_feature_id_fk` (`id_feature`),
  KEY `products_feature_product_id_fk` (`id_products`),
  CONSTRAINT `products_feature_feature_id_fk` FOREIGN KEY (`id_feature`) REFERENCES `feature` (`id`) ON UPDATE CASCADE,
  CONSTRAINT `products_feature_product_id_fk` FOREIGN KEY (`id_products`) REFERENCES `products` (`id`) ON UPDATE CASCADE
) ENGINE=InnoDB AUTO_INCREMENT=811 DEFAULT CHARSET=utf8mb4 COLLATE=utf8mb4_general_ci;

-- Dumping data for table ccc.products_feature: ~792 rows (approximately)
INSERT INTO `products_feature` (`id`, `value`, `id_products`, `id_feature`) VALUES
	(1, '7300', 64, 19),
	(2, '7300', 65, 19),
	(3, '7300', 66, 19),
	(4, '7300', 67, 19),
	(5, '7300', 68, 19),
	(6, '7300', 69, 19),
	(7, '7300', 70, 19),
	(8, '7000', 71, 19),
	(9, '7000', 72, 19),
	(10, '7000', 73, 19),
	(11, '7000', 74, 19),
	(12, '6600', 75, 19),
	(13, '6600', 76, 19),
	(14, '6600', 77, 19),
	(15, '7400', 78, 19),
	(16, '7400', 79, 19),
	(17, '3400', 80, 19),
	(18, '3400', 81, 19),
	(19, '3470', 82, 19),
	(20, '3470', 83, 19),
	(21, '3500', 84, 19),
	(22, '3500', 85, 19),
	(23, '3500', 86, 19),
	(24, '3400', 87, 19),
	(25, '3400', 88, 19),
	(26, '3400', 89, 19),
	(27, '3400', 90, 19),
	(28, '2200', 91, 19),
	(29, '2200', 92, 19),
	(30, '2200', 93, 19),
	(31, '3400', 94, 19),
	(32, '3400', 95, 19),
	(33, '3400', 96, 19),
	(34, '1000000', 64, 20),
	(35, '1000000', 65, 20),
	(36, '1000000', 66, 20),
	(37, '1000000', 67, 20),
	(38, '1000000', 68, 20),
	(39, '1000000', 69, 20),
	(40, '1000000', 70, 20),
	(41, '1000000', 71, 20),
	(42, '1000000', 72, 20),
	(43, '1000000', 73, 20),
	(44, '1000000', 74, 20),
	(45, '850000', 75, 20),
	(46, '850000', 76, 20),
	(47, '850000', 77, 20),
	(48, '1000000', 78, 20),
	(49, '1000000', 79, 20),
	(50, '500000', 80, 20),
	(51, '500000', 81, 20),
	(52, '500000', 82, 20),
	(53, '500000', 83, 20),
	(54, '500000', 84, 20),
	(55, '500000', 85, 20),
	(56, '500000', 86, 20),
	(57, '600000', 87, 20),
	(58, '600000', 88, 20),
	(59, '600000', 89, 20),
	(60, '600000', 90, 20),
	(61, '250000', 91, 20),
	(62, '250000', 92, 20),
	(63, '250000', 93, 20),
	(64, '500000', 94, 20),
	(65, '500000', 95, 20),
	(66, '500000', 96, 20),
	(67, '6300', 64, 21),
	(68, '6300', 65, 21),
	(69, '6300', 66, 21),
	(70, '3000', 67, 21),
	(71, '5000', 68, 21),
	(72, '5000', 69, 21),
	(73, '5000', 70, 21),
	(74, '5000', 71, 21),
	(75, '5000', 72, 21),
	(76, '5000', 73, 21),
	(77, '5000', 74, 21),
	(78, '6600', 75, 21),
	(79, '6600', 76, 21),
	(80, '6600', 77, 21),
	(81, '5000', 78, 21),
	(82, '5000', 79, 21),
	(83, '3100', 80, 21),
	(84, '3100', 81, 21),
	(85, '3470', 82, 21),
	(86, '3470', 83, 21),
	(87, '3500', 84, 21),
	(88, '3500', 85, 21),
	(89, '3500', 86, 21),
	(90, '3400', 87, 21),
	(91, '3400', 88, 21),
	(92, '3400', 89, 21),
	(93, '3400', 90, 21),
	(94, '2200', 91, 21),
	(95, '2200', 92, 21),
	(96, '2200', 93, 21),
	(97, '3400', 94, 21),
	(98, '3400', 95, 21),
	(99, '3400', 96, 21),
	(100, '1100000', 64, 22),
	(101, '1100000', 65, 22),
	(102, '1100000', 66, 22),
	(103, '700000', 67, 22),
	(104, '1000000', 68, 22),
	(105, '1000000', 69, 22),
	(106, '1000000', 70, 22),
	(107, '1600000', 71, 22),
	(108, '1600000', 72, 22),
	(109, '1600000', 73, 22),
	(110, '1600000', 74, 22),
	(111, '400000', 75, 22),
	(112, '400000', 76, 22),
	(113, '400000', 77, 22),
	(114, '800000', 78, 22),
	(115, '800000', 79, 22),
	(116, '100000', 80, 22),
	(117, '100000', 81, 22),
	(118, '100000', 82, 22),
	(119, '100000', 83, 22),
	(120, '450000', 84, 22),
	(121, '450000', 85, 22),
	(122, '450000', 86, 22),
	(123, '450000', 87, 22),
	(124, '450000', 88, 22),
	(125, '450000', 89, 22),
	(126, '450000', 90, 22),
	(127, '200000', 91, 22),
	(128, '200000', 92, 22),
	(129, '200000', 93, 22),
	(130, '400000', 94, 22),
	(131, '400000', 95, 22),
	(132, '400000', 96, 22),
	(133, '1024', 64, 23),
	(134, '2048', 65, 23),
	(135, '4096', 66, 23),
	(136, '500', 67, 23),
	(137, '1024', 68, 23),
	(138, '2048', 69, 23),
	(139, '4096', 70, 23),
	(140, '512', 71, 23),
	(141, '1024', 72, 23),
	(142, '2048', 73, 23),
	(143, '4096', 74, 23),
	(144, '500', 75, 23),
	(145, '1024', 76, 23),
	(146, '2048', 77, 23),
	(147, '1024', 78, 23),
	(148, '2048', 79, 23),
	(149, '250', 80, 23),
	(150, '500', 81, 23),
	(151, '1024', 82, 23),
	(152, '2048', 83, 23),
	(153, '250', 84, 23),
	(154, '500', 85, 23),
	(155, '1024', 86, 23),
	(156, '250', 87, 23),
	(157, '500', 88, 23),
	(158, '1024', 89, 23),
	(159, '2048', 90, 23),
	(160, '250', 91, 23),
	(161, '500', 92, 23),
	(162, '1024', 93, 23),
	(163, '500', 94, 23),
	(164, '1024', 95, 23),
	(165, '2048', 96, 23),
	(166, '4.0', 64, 24),
	(167, '4.0', 65, 24),
	(168, '4.0', 66, 24),
	(169, '4.0', 67, 24),
	(170, '4.0', 68, 24),
	(171, '4.0', 69, 24),
	(172, '4.0', 70, 24),
	(173, '4.0', 71, 24),
	(174, '4.0', 72, 24),
	(175, '4.0', 73, 24),
	(176, '4.0', 74, 24),
	(177, '4.0', 75, 24),
	(178, '4.0', 76, 24),
	(179, '4.0', 77, 24),
	(180, '4.0', 78, 24),
	(181, '4.0', 79, 24),
	(182, '3.0', 80, 24),
	(183, '3.0', 81, 24),
	(184, '3.0', 82, 24),
	(185, '3.0', 83, 24),
	(186, '3.0', 84, 24),
	(187, '3.0', 85, 24),
	(188, '3.0', 86, 24),
	(189, '3.0', 87, 24),
	(190, '3.0', 88, 24),
	(191, '3.0', 89, 24),
	(192, '3.0', 90, 24),
	(193, '3.0', 91, 24),
	(194, '3.0', 92, 24),
	(195, '3.0', 93, 24),
	(196, '3.0', 94, 24),
	(197, '3.0', 95, 24),
	(198, '3.0', 96, 24),
	(199, '600', 64, 25),
	(200, '1200', 65, 25),
	(201, '2400', 66, 25),
	(202, '650', 67, 25),
	(203, '1300', 68, 25),
	(204, '2600', 69, 25),
	(205, '5200', 70, 25),
	(206, '800', 71, 25),
	(207, '1600', 72, 25),
	(208, '3200', 73, 25),
	(209, '6400', 74, 25),
	(210, '600', 75, 25),
	(211, '1200', 76, 25),
	(212, '2400', 77, 25),
	(213, '1400', 78, 25),
	(214, '2800', 79, 25),
	(215, '400', 80, 25),
	(216, '600', 81, 25),
	(217, '1200', 82, 25),
	(218, '2400', 83, 25),
	(219, '150', 84, 25),
	(220, '300', 85, 25),
	(221, '600', 86, 25),
	(222, '350', 87, 25),
	(223, '600', 88, 25),
	(224, '1200', 89, 25),
	(225, '2400', 90, 25),
	(226, '150', 91, 25),
	(227, '300', 92, 25),
	(228, '600', 93, 25),
	(229, '600', 94, 25),
	(230, '1200', 95, 25),
	(231, '2400', 96, 25),
	(232, 'AM4', 34, 8),
	(233, 'AM4', 35, 8),
	(234, 'AM4', 36, 8),
	(235, 'AM4', 37, 8),
	(236, 'AM4', 38, 8),
	(237, 'AM4', 39, 8),
	(238, 'AM5', 40, 8),
	(239, 'AM5', 41, 8),
	(240, 'AM5', 42, 8),
	(241, 'AM5', 43, 8),
	(242, 'AM5', 44, 8),
	(243, 'AM5', 45, 8),
	(244, 'AM5', 46, 8),
	(245, 'AM5', 47, 8),
	(246, 'AM5', 48, 8),
	(247, 'AM5', 49, 8),
	(248, 'LGA 1700', 50, 8),
	(249, 'LGA 1700', 51, 8),
	(250, 'LGA 1700', 52, 8),
	(251, 'LGA 1700', 53, 8),
	(252, 'LGA 1700', 54, 8),
	(253, 'LGA 1700', 55, 8),
	(254, 'LGA 1700', 56, 8),
	(255, 'LGA 1700', 57, 8),
	(256, 'LGA 1700', 58, 8),
	(257, 'LGA 1700', 59, 8),
	(258, 'LGA 1700', 60, 8),
	(259, 'LGA 1700', 61, 8),
	(260, 'LGA 1700', 62, 8),
	(261, 'LGA 1700', 63, 8),
	(262, 'X570, B550, A520, X470, B450', 34, 9),
	(263, 'X570, B550, A520, X470, B450', 35, 9),
	(264, 'X570, B550, A520, X470, B450', 36, 9),
	(265, 'X570, B550, A520, X470, B450', 37, 9),
	(266, 'X570, B550, A520, X470, B450', 38, 9),
	(267, 'X570, B550, A520, X470, B450', 39, 9),
	(268, 'X670, B650', 40, 9),
	(269, 'X670, B650', 41, 9),
	(270, 'X670, B650', 42, 9),
	(271, 'X670, B650', 43, 9),
	(272, 'X670, B650', 44, 9),
	(273, 'X670, B650', 45, 9),
	(274, 'X670, B650', 46, 9),
	(275, 'X670, B650', 47, 9),
	(276, 'X670, B650', 48, 9),
	(277, 'X670, B650', 49, 9),
	(278, 'Z790, H770, B760, Z690, H670, B660, H610', 50, 9),
	(279, 'Z790, H770, B760, Z690, H670, B660, H610', 51, 9),
	(280, 'Z790, H770, B760, Z690, H670, B660, H610', 52, 9),
	(281, 'Z790, H770, B760, Z690, H670, B660, H610', 53, 9),
	(282, 'Z790, H770, B760, Z690, H670, B660, H610', 54, 9),
	(283, 'Z790, H770, B760, Z690, H670, B660, H610', 55, 9),
	(284, 'Z790, H770, B760, Z690, H670, B660, H610', 56, 9),
	(285, 'Z790, H770, B760, Z690, H670, B660, H610', 57, 9),
	(286, 'Z790, H770, B760, Z690, H670, B660, H610', 58, 9),
	(287, 'Z790, H770, B760, Z690, H670, B660, H610', 59, 9),
	(288, 'Z790, H770, B760, Z690, H670, B660, H610', 60, 9),
	(289, 'Z790, H770, B760, Z690, H670, B660, H610', 61, 9),
	(290, 'Z790, H770, B760, Z690, H670, B660, H610', 62, 9),
	(291, 'Z790, H770, B760, Z690, H670, B660, H610', 63, 9),
	(292, '7', 34, 10),
	(293, '7', 35, 10),
	(294, '7', 36, 10),
	(295, '7', 37, 10),
	(296, '7', 38, 10),
	(297, '7', 39, 10),
	(298, '5', 40, 10),
	(299, '5', 41, 10),
	(300, '5', 42, 10),
	(301, '5', 43, 10),
	(302, '5', 44, 10),
	(303, '5', 45, 10),
	(304, '5', 46, 10),
	(305, '5', 47, 10),
	(306, '5', 48, 10),
	(307, '5', 49, 10),
	(308, '10', 50, 10),
	(309, '10', 51, 10),
	(310, '10', 52, 10),
	(311, '10', 53, 10),
	(312, '10', 54, 10),
	(313, '10', 55, 10),
	(314, '10', 56, 10),
	(315, '10', 57, 10),
	(316, '10', 58, 10),
	(317, '10', 59, 10),
	(318, '10', 60, 10),
	(319, '10', 61, 10),
	(320, '10', 62, 10),
	(321, '10', 63, 10),
	(322, '105', 34, 11),
	(323, '105', 35, 11),
	(324, '105', 36, 11),
	(325, '105', 37, 11),
	(326, '65', 38, 11),
	(327, '65', 39, 11),
	(328, '170', 40, 11),
	(329, '120', 41, 11),
	(330, '170', 42, 11),
	(331, '65', 43, 11),
	(332, '120', 44, 11),
	(333, '120', 45, 11),
	(334, '105', 46, 11),
	(335, '65', 47, 11),
	(336, '105', 48, 11),
	(337, '65', 49, 11),
	(338, '125', 50, 11),
	(339, '125', 51, 11),
	(340, '125', 52, 11),
	(341, '125', 53, 11),
	(342, '125', 54, 11),
	(343, '125', 55, 11),
	(344, '125', 56, 11),
	(345, '125', 57, 11),
	(346, '125', 58, 11),
	(347, '125', 59, 11),
	(348, '125', 60, 11),
	(349, '125', 61, 11),
	(350, '65', 62, 11),
	(351, '65', 63, 11),
	(352, '3.4', 34, 12),
	(353, '3.7', 35, 12),
	(354, '3.8', 36, 12),
	(355, '3.4', 37, 12),
	(356, '3.7', 38, 12),
	(357, '3.5', 39, 12),
	(358, '4.5', 40, 12),
	(359, '4.2', 41, 12),
	(360, '4.7', 42, 12),
	(361, '3.7', 43, 12),
	(362, '4.4', 44, 12),
	(363, '4.2', 45, 12),
	(364, '4.5', 46, 12),
	(365, '3.8', 47, 12),
	(366, '4.7', 48, 12),
	(367, '3.8', 49, 12),
	(368, '3.2', 50, 12),
	(369, '3.2', 51, 12),
	(370, '3.4', 52, 12),
	(371, '3.4', 53, 12),
	(372, '3.5', 54, 12),
	(373, '3.5', 55, 12),
	(374, '3', 56, 12),
	(375, '3', 57, 12),
	(376, '3.4', 58, 12),
	(377, '3.4', 59, 12),
	(378, '3.5', 60, 12),
	(379, '3.5', 61, 12),
	(380, '2.5', 62, 12),
	(381, '2.5', 63, 12),
	(382, '4.9', 34, 13),
	(383, '4.8', 35, 13),
	(384, '4.7', 36, 13),
	(385, '4.5', 37, 13),
	(386, '4.6', 38, 13),
	(387, '4.4', 39, 13),
	(388, '5.7', 40, 13),
	(389, '5.7', 41, 13),
	(390, '5.6', 42, 13),
	(391, '5.4', 43, 13),
	(392, '5.6', 44, 13),
	(393, '5.0', 45, 13),
	(394, '5.4', 46, 13),
	(395, '5.3', 47, 13),
	(396, '5.3', 48, 13),
	(397, '5.1', 49, 13),
	(398, '6.0', 50, 13),
	(399, '6.0', 51, 13),
	(400, '5.6', 52, 13),
	(401, '5.6', 53, 13),
	(402, '5.3', 54, 13),
	(403, '5.3', 55, 13),
	(404, '5.8', 56, 13),
	(405, '5.8', 57, 13),
	(406, '5.4', 58, 13),
	(407, '5.4', 59, 13),
	(408, '5.1', 60, 13),
	(409, '5.1', 61, 13),
	(410, '4.6', 62, 13),
	(411, '4.6', 63, 13),
	(412, '32', 34, 14),
	(413, '24', 35, 14),
	(414, '16', 36, 14),
	(415, '16', 37, 14),
	(416, '12', 38, 14),
	(417, '12', 39, 14),
	(418, '32', 40, 14),
	(419, '32', 41, 14),
	(420, '24', 42, 14),
	(421, '24', 43, 14),
	(422, '24', 44, 14),
	(423, '16', 45, 14),
	(424, '16', 46, 14),
	(425, '16', 47, 14),
	(426, '12', 48, 14),
	(427, '12', 49, 14),
	(428, '32', 50, 14),
	(429, '32', 51, 14),
	(430, '28', 52, 14),
	(431, '28', 53, 14),
	(432, '20', 54, 14),
	(433, '20', 55, 14),
	(434, '32', 56, 14),
	(435, '32', 57, 14),
	(436, '24', 58, 14),
	(437, '24', 59, 14),
	(438, '20', 60, 14),
	(439, '20', 61, 14),
	(440, '16', 62, 14),
	(441, '16', 63, 14),
	(442, '16', 34, 15),
	(443, '12', 35, 15),
	(444, '8', 36, 15),
	(445, '8', 37, 15),
	(446, '6', 38, 15),
	(447, '6', 39, 15),
	(448, '16', 40, 15),
	(449, '16', 41, 15),
	(450, '12', 42, 15),
	(451, '12', 43, 15),
	(452, '12', 44, 15),
	(453, '8', 45, 15),
	(454, '8', 46, 15),
	(455, '8', 47, 15),
	(456, '6', 48, 15),
	(457, '6', 49, 15),
	(458, '24', 50, 15),
	(459, '24', 51, 15),
	(460, '20', 52, 15),
	(461, '20', 53, 15),
	(462, '14', 54, 15),
	(463, '14', 55, 15),
	(464, '24', 56, 15),
	(465, '24', 57, 15),
	(466, '16', 58, 15),
	(467, '16', 59, 15),
	(468, '14', 60, 15),
	(469, '14', 61, 15),
	(470, '10', 62, 15),
	(471, '10', 63, 15),
	(472, '1024', 34, 16),
	(473, '768', 35, 16),
	(474, '512', 36, 16),
	(475, '512', 37, 16),
	(476, '384', 38, 16),
	(477, '384', 39, 16),
	(478, '1024', 40, 16),
	(479, '1024', 41, 16),
	(480, '768', 42, 16),
	(481, '768', 43, 16),
	(482, '768', 44, 16),
	(483, '512', 45, 16),
	(484, '512', 46, 16),
	(485, '512', 47, 16),
	(486, '384', 48, 16),
	(487, '384', 49, 16),
	(488, '1920', 50, 16),
	(489, '1920', 51, 16),
	(490, '1600', 52, 16),
	(491, '1600', 53, 16),
	(492, '1120', 54, 16),
	(493, '1120', 55, 16),
	(494, '1920', 56, 16),
	(495, '1920', 57, 16),
	(496, '1280', 58, 16),
	(497, '1280', 59, 16),
	(498, '1120', 60, 16),
	(499, '1120', 61, 16),
	(500, '800', 62, 16),
	(501, '800', 63, 16),
	(502, '8', 34, 17),
	(503, '6', 35, 17),
	(504, '4', 36, 17),
	(505, '4', 37, 17),
	(506, '3', 38, 17),
	(507, '3', 39, 17),
	(508, '16', 40, 17),
	(509, '16', 41, 17),
	(510, '12', 42, 17),
	(511, '12', 43, 17),
	(512, '12', 44, 17),
	(513, '8', 45, 17),
	(514, '8', 46, 17),
	(515, '8', 47, 17),
	(516, '6', 48, 17),
	(517, '6', 49, 17),
	(518, '48', 50, 17),
	(519, '48', 51, 17),
	(520, '40', 52, 17),
	(521, '40', 53, 17),
	(522, '28', 54, 17),
	(523, '28', 55, 17),
	(524, '48', 56, 17),
	(525, '48', 57, 17),
	(526, '32', 58, 17),
	(527, '32', 59, 17),
	(528, '28', 60, 17),
	(529, '28', 61, 17),
	(530, '12.5', 62, 17),
	(531, '12.5', 63, 17),
	(532, '64', 34, 18),
	(533, '64', 35, 18),
	(534, '32', 36, 18),
	(535, '96', 37, 18),
	(536, '32', 38, 18),
	(537, '32', 39, 18),
	(538, '64', 40, 18),
	(539, '128', 41, 18),
	(540, '64', 42, 18),
	(541, '64', 43, 18),
	(542, '128', 44, 18),
	(543, '96', 45, 18),
	(544, '32', 46, 18),
	(545, '32', 47, 18),
	(546, '32', 48, 18),
	(547, '32', 49, 18),
	(548, '36', 50, 18),
	(549, '36', 51, 18),
	(550, '33', 52, 18),
	(551, '33', 53, 18),
	(552, '24', 54, 18),
	(553, '24', 55, 18),
	(554, '36', 56, 18),
	(555, '36', 57, 18),
	(556, '30', 58, 18),
	(557, '30', 59, 18),
	(558, '24', 60, 18),
	(559, '24', 61, 18),
	(560, '20', 62, 18),
	(561, '20', 63, 18),
	(562, '1830', 1, 1),
	(563, '2310', 2, 1),
	(564, '1920', 3, 1),
	(565, '1980', 4, 1),
	(566, '2340', 5, 1),
	(567, '2205', 6, 1),
	(568, '2295', 7, 1),
	(569, '2235', 8, 1),
	(570, '1042', 9, 1),
	(571, '1320', 10, 1),
	(572, '1410', 11, 1),
	(573, '1500', 12, 1),
	(574, '1575', 13, 1),
	(575, '1440', 14, 1),
	(576, '1365', 15, 1),
	(577, '1395', 16, 1),
	(578, '1560', 17, 1),
	(579, '1720', 18, 1),
	(580, '1980', 19, 1),
	(581, '1435', 20, 1),
	(582, '1295', 21, 1),
	(583, '1287', 22, 1),
	(584, '1387', 23, 1),
	(585, '1929', 24, 1),
	(586, '1626', 25, 1),
	(587, '1968', 26, 1),
	(588, '2055', 27, 1),
	(589, '1941', 28, 1),
	(590, '2321', 29, 1),
	(591, '2150', 30, 1),
	(592, '1700', 31, 1),
	(593, '1825', 32, 1),
	(594, '1825', 33, 1),
	(595, '2460', 1, 2),
	(596, '2535', 2, 2),
	(597, '2475', 3, 2),
	(598, '2475', 4, 2),
	(599, '2610', 5, 2),
	(600, '2505', 6, 2),
	(601, '2550', 7, 2),
	(602, '2520', 8, 2),
	(603, '1470', 9, 2),
	(604, '1777', 10, 2),
	(605, '1665', 11, 2),
	(606, '1725', 12, 2),
	(607, '1770', 13, 2),
	(608, '1710', 14, 2),
	(609, '1665', 15, 2),
	(610, '1695', 16, 2),
	(611, '1860', 17, 2),
	(612, '2655', 18, 2),
	(613, '2755', 19, 2),
	(614, '2544', 20, 2),
	(615, '2430', 21, 2),
	(616, '2245', 22, 2),
	(617, '2394', 23, 2),
	(618, '2498', 24, 2),
	(619, '2491', 25, 2),
	(620, '2589', 26, 2),
	(621, '2635', 27, 2),
	(622, '2450', 28, 2),
	(623, '2581', 29, 2),
	(624, '2600', 30, 2),
	(625, '2105', 31, 2),
	(626, '2250', 32, 2),
	(627, '2250', 33, 2),
	(628, '118.1', 1, 3),
	(629, '121.7', 2, 3),
	(630, '158.4', 3, 3),
	(631, '198', 4, 3),
	(632, '250.6', 5, 3),
	(633, '280.6', 6, 3),
	(634, '285.6', 7, 3),
	(635, '443.5', 8, 3),
	(636, '47.04', 9, 3),
	(637, '85.3', 10, 3),
	(638, '133.2', 11, 3),
	(639, '165.6', 12, 3),
	(640, '169.9', 13, 3),
	(641, '164.2', 14, 3),
	(642, '186.5', 15, 3),
	(643, '189.8', 16, 3),
	(644, '208.3', 17, 3),
	(645, '169.9', 18, 3),
	(646, '176.3', 19, 3),
	(647, '244.2', 20, 3),
	(648, '233.3', 21, 3),
	(649, '359.2', 22, 3),
	(650, '459.6', 23, 3),
	(651, '479.6', 24, 3),
	(652, '159.4', 25, 3),
	(653, '165.7', 26, 3),
	(654, '168.6', 27, 3),
	(655, '156.8', 28, 3),
	(656, '165.2', 29, 3),
	(657, '166.4', 30, 3),
	(658, '202.1', 31, 3),
	(659, '288', 32, 3),
	(660, '288', 33, 3),
	(661, '96', 1, 4),
	(662, '136', 2, 4),
	(663, '184', 3, 4),
	(664, '224', 4, 4),
	(665, '264', 5, 4),
	(666, '304', 6, 4),
	(667, '320', 7, 4),
	(668, '512', 8, 4),
	(669, '72', 9, 4),
	(670, '112', 10, 4),
	(671, '152', 11, 4),
	(672, '184', 12, 4),
	(673, '192', 13, 4),
	(674, '272', 14, 4),
	(675, '320', 15, 4),
	(676, '328', 16, 4),
	(677, '336', 17, 4),
	(678, '128', 18, 4),
	(679, '128', 19, 4),
	(680, '216', 20, 4),
	(681, '240', 21, 4),
	(682, '320', 22, 4),
	(683, '336', 23, 4),
	(684, '384', 24, 4),
	(685, '112', 25, 4),
	(686, '128', 26, 4),
	(687, '128', 27, 4),
	(688, '144', 28, 4),
	(689, '160', 29, 4),
	(690, '160', 30, 4),
	(691, '240', 31, 4),
	(692, '288', 32, 4),
	(693, '320', 33, 4),
	(694, '48', 1, 5),
	(695, '48', 2, 5),
	(696, '64', 3, 5),
	(697, '80', 4, 5),
	(698, '96', 5, 5),
	(699, '112', 6, 5),
	(700, '112', 7, 5),
	(701, '176', 8, 5),
	(702, '32', 9, 5),
	(703, '48', 10, 5),
	(704, '80', 11, 5),
	(705, '96', 12, 5),
	(706, '96', 13, 5),
	(707, '96', 14, 5),
	(708, '112', 15, 5),
	(709, '112', 16, 5),
	(710, '112', 17, 5),
	(711, '64', 18, 5),
	(712, '64', 19, 5),
	(713, '96', 20, 5),
	(714, '96', 21, 5),
	(715, '160', 22, 5),
	(716, '192', 23, 5),
	(717, '192', 24, 5),
	(718, '64', 25, 5),
	(719, '64', 26, 5),
	(720, '64', 27, 5),
	(721, '64', 28, 5),
	(722, '64', 29, 5),
	(723, '64', 30, 5),
	(724, '96', 31, 5),
	(725, '128', 32, 5),
	(726, '128', 33, 5),
	(727, '8', 1, 6),
	(728, '8', 2, 6),
	(729, '12', 3, 6),
	(730, '12', 4, 6),
	(731, '16', 5, 6),
	(732, '16', 6, 6),
	(733, '16', 7, 6),
	(734, '24', 8, 6),
	(735, '6', 9, 6),
	(736, '8', 10, 6),
	(737, '8', 11, 6),
	(738, '8', 12, 6),
	(739, '8', 13, 6),
	(740, '10', 14, 6),
	(741, '12', 15, 6),
	(742, '24', 16, 6),
	(743, '24', 17, 6),
	(744, '8', 18, 6),
	(745, '16', 19, 6),
	(746, '12', 20, 6),
	(747, '16', 21, 6),
	(748, '16', 22, 6),
	(749, '20', 23, 6),
	(750, '24', 24, 6),
	(751, '8', 25, 6),
	(752, '8', 26, 6),
	(753, '8', 27, 6),
	(754, '10', 28, 6),
	(755, '12', 29, 6),
	(756, '12', 30, 6),
	(757, '16', 31, 6),
	(758, '16', 32, 6),
	(759, '16', 33, 6),
	(760, '128', 1, 7),
	(761, '128', 2, 7),
	(762, '192', 3, 7),
	(763, '192', 4, 7),
	(764, '256', 5, 7),
	(765, '256', 6, 7),
	(766, '256', 7, 7),
	(767, '384', 8, 7),
	(768, '96', 9, 7),
	(769, '128', 10, 7),
	(770, '256', 11, 7),
	(771, '256', 12, 7),
	(772, '256', 13, 7),
	(773, '320', 14, 7),
	(774, '384', 15, 7),
	(775, '384', 16, 7),
	(776, '384', 17, 7),
	(777, '128', 18, 7),
	(778, '128', 19, 7),
	(779, '192', 20, 7),
	(780, '256', 21, 7),
	(781, '256', 22, 7),
	(782, '320', 23, 7),
	(783, '384', 24, 7),
	(784, '128', 25, 7),
	(785, '128', 26, 7),
	(786, '128', 27, 7),
	(787, '160', 28, 7),
	(788, '192', 29, 7),
	(789, '192', 30, 7),
	(790, '256', 31, 7),
	(791, '256', 32, 7),
	(792, '256', 33, 7);

-- Dumping structure for table ccc.product_suggestions
CREATE TABLE IF NOT EXISTS `product_suggestions` (
  `id` int(11) NOT NULL AUTO_INCREMENT,
  `name` varchar(255) NOT NULL,
  `source` text DEFAULT NULL,
  `id_users` int(11) NOT NULL,
  `suggestion_time` datetime NOT NULL DEFAULT current_timestamp(),
  PRIMARY KEY (`id`),
  KEY `prodcut_suggestions_users_id_fk` (`id_users`),
  CONSTRAINT `prodcut_suggestions_users_id_fk` FOREIGN KEY (`id_users`) REFERENCES `users` (`id`) ON UPDATE CASCADE
) ENGINE=InnoDB AUTO_INCREMENT=52 DEFAULT CHARSET=utf8mb4 COLLATE=utf8mb4_general_ci;

-- Dumping data for table ccc.product_suggestions: ~51 rows (approximately)
INSERT INTO `product_suggestions` (`id`, `name`, `source`, `id_users`, `suggestion_time`) VALUES
	(1, 'Intel Arc A770 LE', 'tomshardware.com', 4, '2024-10-27 14:23:15'),
	(2, 'MSI RTX 4070 Super Gaming X', 'anandtech.com', 3, '2024-10-29 11:34:56'),
	(3, 'PowerColor RX 7600 XT', 'videocardz.com', 2, '2024-10-31 10:15:43'),
	(4, 'AMD Ryzen 7 7700', 'wccftech.com', 3, '2024-11-01 13:27:55'),
	(5, 'Intel Core i5-14500', 'techspot.com', 4, '2024-11-02 16:38:22'),
	(6, 'AMD Ryzen 5 7500F', 'pcgamer.com', 2, '2024-11-03 09:44:11'),
	(7, 'Teamgroup T-Force Z540', 'anandtech.com', 2, '2024-11-06 17:28:59'),
	(8, 'Kingston KC3000 Elite', 'tomshardware.com', 3, '2024-11-08 10:44:32'),
	(9, 'Sabrent Rocket 5 Plus', 'techpowerup.com', 5, '2024-11-09 13:55:44'),
	(10, 'Intel Arc A770 LE', 'videocardz.com', 3, '2024-11-11 15:17:23'),
	(11, 'AMD Ryzen 7 7700', 'techspot.com', 4, '2024-11-13 14:39:12'),
	(12, 'Intel Arc A770 LE', 'tomshardware.com', 5, '2024-11-15 08:51:12'),
	(13, 'Kingston KC3000 Elite', 'techradar.com', 4, '2024-11-16 14:13:34'),
	(14, 'PowerColor RX 7600 XT', 'pcgamer.com', 3, '2024-11-16 17:24:45'),
	(15, 'Intel Arc A770 LE', 'techspot.com', 5, '2024-11-18 13:12:34'),
	(16, 'AMD Ryzen 7 7700', 'guru3d.com', 3, '2024-11-19 14:23:12'),
	(17, 'MSI RTX 4070 Super Gaming X', 'techradar.com', 2, '2024-11-20 10:45:23'),
	(18, 'Intel Arc A770 LE', 'techpowerup.com', 2, '2024-11-20 15:43:23'),
	(19, 'AMD Ryzen 7 7700', 'techradar.com', 3, '2024-11-20 11:23:45'),
	(20, 'Kingston KC3000 Elite', 'pcgamer.com', 5, '2024-11-20 12:34:56'),
	(21, 'Intel Arc A770 LE', 'wccftech.com', 2, '2024-11-20 16:12:34'),
	(22, 'AMD Ryzen 7 7700', 'anandtech.com', 5, '2024-11-21 13:45:23'),
	(23, 'Intel Arc A770 LE', 'videocardz.com', 2, '2024-11-21 16:23:45'),
	(24, 'AMD Ryzen 7 7700', 'wccftech.com', 3, '2024-11-21 17:34:56'),
	(25, 'Intel Arc A770 LE', 'tomshardware.com', 4, '2024-11-21 09:15:23'),
	(26, 'AMD Ryzen 7 7700', 'techspot.com', 2, '2024-11-22 10:34:56'),
	(27, 'PowerColor RX 7600 XT', 'guru3d.com', 5, '2024-11-22 11:23:45'),
	(28, 'Intel Arc A770 LE', 'anandtech.com', 3, '2024-11-22 12:34:56'),
	(29, 'Kingston KC3000 Elite', 'videocardz.com', 4, '2024-11-22 13:45:23'),
	(30, 'Intel Arc A770 LE', 'pcgamer.com', 2, '2024-11-22 15:12:34'),
	(31, 'AMD Ryzen 7 7700', 'techradar.com', 5, '2024-11-23 16:23:45'),
	(32, 'MSI RTX 4070 Super Gaming X', 'wccftech.com', 3, '2024-11-23 17:34:56'),
	(33, 'Intel Arc A770 LE', 'techpowerup.com', 4, '2024-11-23 09:45:23'),
	(34, 'AMD Ryzen 7 7700', 'tomshardware.com', 2, '2024-11-23 10:23:45'),
	(35, 'Intel Arc A770 LE', 'guru3d.com', 5, '2024-11-24 12:34:56'),
	(36, 'Kingston KC3000 Elite', 'anandtech.com', 3, '2024-11-24 13:45:23'),
	(37, 'Intel Arc A770 LE', 'videocardz.com', 4, '2024-11-24 15:12:34'),
	(38, 'AMD Ryzen 7 7700', 'pcgamer.com', 2, '2024-11-24 16:23:45'),
	(39, 'Intel Arc A770 LE', 'techradar.com', 5, '2024-11-25 09:34:56'),
	(40, 'PowerColor RX 7600 XT', 'wccftech.com', 3, '2024-11-25 10:45:23'),
	(41, 'AMD Ryzen 7 7700', 'techpowerup.com', 4, '2024-11-25 11:56:34'),
	(42, 'Intel Arc A770 LE', 'tomshardware.com', 2, '2024-11-25 13:21:45'),
	(43, 'Kingston KC3000 Elite', 'guru3d.com', 5, '2024-11-25 15:43:23'),
	(44, 'Intel Arc A770 LE', 'anandtech.com', 3, '2024-11-26 17:12:34'),
	(45, 'AMD Ryzen 7 7700', 'videocardz.com', 4, '2024-11-26 08:34:56'),
	(46, 'MSI RTX 4070 Super Gaming X', 'pcgamer.com', 2, '2024-11-26 09:45:23'),
	(47, 'Intel Arc A770 LE', 'techradar.com', 5, '2024-11-26 11:23:45'),
	(48, 'AMD Ryzen 7 7700', 'wccftech.com', 3, '2024-11-26 12:34:56'),
	(49, 'Intel Arc A770 LE', 'techpowerup.com', 4, '2024-11-27 14:45:23'),
	(50, 'PowerColor RX 7600 XT', 'tomshardware.com', 2, '2024-11-27 16:12:34'),
	(51, 'AMD Ryzen 7 7700', 'guru3d.com', 5, '2024-11-27 17:23:45');

-- Dumping structure for table ccc.roles
CREATE TABLE IF NOT EXISTS `roles` (
  `id` int(11) NOT NULL AUTO_INCREMENT,
  `name` varchar(255) NOT NULL,
  PRIMARY KEY (`id`)
) ENGINE=InnoDB AUTO_INCREMENT=3 DEFAULT CHARSET=utf8mb4 COLLATE=utf8mb4_general_ci;

-- Dumping data for table ccc.roles: ~2 rows (approximately)
INSERT INTO `roles` (`id`, `name`) VALUES
	(1, 'Admin'),
	(2, 'User');

-- Dumping structure for table ccc.users
CREATE TABLE IF NOT EXISTS `users` (
  `id` int(11) NOT NULL AUTO_INCREMENT,
  `username` varchar(255) NOT NULL,
  `email` varchar(255) NOT NULL,
  `passwordHash` varchar(255) NOT NULL,
  `id_roles` int(11) DEFAULT NULL,
  PRIMARY KEY (`id`),
  UNIQUE KEY `users_pk_2` (`email`),
  KEY `users_roles_id_fk` (`id_roles`),
  CONSTRAINT `users_roles_id_fk` FOREIGN KEY (`id_roles`) REFERENCES `roles` (`id`)
) ENGINE=InnoDB AUTO_INCREMENT=11 DEFAULT CHARSET=utf8mb4 COLLATE=utf8mb4_general_ci;

-- Dumping data for table ccc.users: ~10 rows (approximately)
INSERT INTO `users` (`id`, `username`, `email`, `passwordHash`, `id_roles`) VALUES
	(1, 'milos1909', 'milos@gmail.com', '$2y$10$i8VCRN1L7va/dr5DozE2d.bjJV/kxdwGN52KV4wDuknyTuSmCnYPW', 2),
	(2, 'admin', 'admin@gmail.com', '$2y$10$V2ucxd1Mk/23/y8LH5CuY.wNJHJqZLi5QJYRPhIdhGd2SsraELNZy', 1),
	(3, 'goran', 'goran@gmail.com', '$2y$10$BW55l4yhBl7shC/2PfbXE.U3pQChj37PLSWsQ.2xIlGvcxxJgZw.m', 2),
	(4, 'ana', 'ana@gmail.com', '$2y$10$IEfbcJTqSPkTo6T/ROtAHurzkxToJR3CyNYVm9RSpd8KMJLrLQEL6', 2),
	(5, 'vlada', 'vlada@gmail.com', '$2y$10$E9gUib1uUaCb50eXGQChpuyupMX9u7XY/QqGE5NoWooT9vrBPh3aK', 2),
	(6, 'ivan', 'ivan@gmail.com', '$2y$10$YgwREKpQqvKsfOTzofgtMOXm8bTZ8F0zhF/1WjBE9Ooh52q/0dzOe', 2),
	(7, 'jovan', 'jovan@gmail.com', '$2y$10$PI1nCURaCAGWIsNrqmVXG.pzjL8nTVCrl8hx47tHzrswjwFVjgwnu', 2),
	(8, 'andrija', 'andrija@gmail.com', '$2y$10$AONrySj1ZugJO8ra.6yDUOKndfP0Mdp..KntzyDl.PCXC7L6bnbaW', 2),
	(9, 'luka', 'luka@gmail.com', '$2y$10$pic4Ha0GL7Jq0lUR2Bu4UeHJTaOL.hVuEC3cmDF/FgL9KfXNcUS1q', 2),
	(10, 'mila', 'mila@gmail.com', '$2y$10$sPKn9JVIvg8mkKlwubcLKu3JMMvnhhOFylbxLuIm/o8mIvwW6cD/y', 2);

-- Dumping structure for table ccc.views
CREATE TABLE IF NOT EXISTS `views` (
  `id` int(11) NOT NULL AUTO_INCREMENT,
  `id_products` int(11) NOT NULL,
  `view_time` datetime NOT NULL DEFAULT current_timestamp(),
  PRIMARY KEY (`id`),
  KEY `views_product_id_fk` (`id_products`),
  CONSTRAINT `views_product_id_fk` FOREIGN KEY (`id_products`) REFERENCES `products` (`id`) ON UPDATE CASCADE
) ENGINE=InnoDB AUTO_INCREMENT=182 DEFAULT CHARSET=utf8mb4 COLLATE=utf8mb4_general_ci;

-- Dumping data for table ccc.views: ~180 rows (approximately)
INSERT INTO `views` (`id`, `id_products`, `view_time`) VALUES
	(2, 1, '2024-11-27 07:18:45'),
	(3, 1, '2024-11-24 07:29:06'),
	(4, 84, '2024-11-27 07:29:16'),
	(5, 60, '2024-11-27 08:05:06'),
	(6, 60, '2024-11-27 08:05:31'),
	(7, 51, '2024-11-25 08:08:57'),
	(8, 47, '2024-11-16 08:08:57'),
	(9, 49, '2024-11-26 08:08:57'),
	(10, 19, '2024-11-20 08:08:57'),
	(11, 6, '2024-11-18 08:08:57'),
	(12, 31, '2024-11-20 08:08:57'),
	(13, 54, '2024-11-24 08:08:57'),
	(14, 61, '2024-11-22 08:08:57'),
	(15, 5, '2024-11-27 08:08:57'),
	(16, 17, '2024-11-18 08:08:57'),
	(17, 78, '2024-11-27 08:08:57'),
	(18, 73, '2024-11-18 08:08:57'),
	(19, 10, '2024-11-21 08:08:57'),
	(20, 7, '2024-11-15 08:08:57'),
	(21, 39, '2024-11-24 08:08:57'),
	(22, 3, '2024-11-22 08:08:57'),
	(23, 91, '2024-11-21 08:08:57'),
	(24, 61, '2024-11-18 08:08:57'),
	(25, 50, '2024-11-20 08:08:57'),
	(26, 16, '2024-11-25 08:08:57'),
	(27, 1, '2024-11-27 09:29:18'),
	(28, 1, '2024-11-27 09:32:22'),
	(29, 8, '2024-11-27 09:32:53'),
	(30, 8, '2024-11-27 09:33:01'),
	(31, 34, '2024-11-27 09:37:15'),
	(32, 34, '2024-11-27 09:37:47'),
	(33, 7, '2024-11-27 10:57:05'),
	(34, 1, '2024-11-27 10:59:57'),
	(35, 64, '2024-11-27 11:07:29'),
	(36, 1, '2024-11-27 11:10:42'),
	(37, 1, '2024-11-27 15:21:50'),
	(38, 19, '2024-11-27 15:23:06'),
	(39, 18, '2024-11-27 15:23:31'),
	(40, 23, '2024-11-27 15:42:15'),
	(41, 34, '2024-11-27 15:44:52'),
	(42, 1, '2024-11-27 15:49:26'),
	(43, 1, '2024-11-27 15:49:29'),
	(44, 1, '2024-11-27 15:49:29'),
	(45, 1, '2024-11-27 15:49:29'),
	(46, 1, '2024-11-27 15:49:29'),
	(47, 34, '2024-11-27 15:49:32'),
	(48, 4, '2024-11-27 15:49:41'),
	(49, 2, '2024-11-27 16:14:21'),
	(50, 2, '2024-11-27 16:14:42'),
	(51, 2, '2024-11-27 16:15:38'),
	(52, 2, '2024-11-27 16:15:47'),
	(53, 2, '2024-11-27 16:16:19'),
	(54, 1, '2024-11-27 16:18:15'),
	(55, 34, '2024-11-27 16:24:30'),
	(56, 70, '2024-11-27 16:53:16'),
	(57, 34, '2024-10-27 14:23:15'),
	(58, 19, '2024-10-27 16:45:32'),
	(59, 51, '2024-10-28 09:12:44'),
	(60, 7, '2024-10-28 11:34:56'),
	(61, 84, '2024-10-28 15:22:33'),
	(62, 60, '2024-10-29 08:45:12'),
	(63, 47, '2024-10-29 10:15:43'),
	(64, 1, '2024-10-29 13:27:55'),
	(65, 73, '2024-10-29 16:38:22'),
	(66, 91, '2024-10-30 09:44:11'),
	(67, 34, '2024-10-30 11:55:33'),
	(68, 50, '2024-10-30 14:16:45'),
	(69, 16, '2024-10-30 17:28:59'),
	(70, 61, '2024-10-31 08:33:21'),
	(71, 39, '2024-10-31 10:44:32'),
	(72, 78, '2024-10-31 13:55:44'),
	(73, 5, '2024-10-31 16:06:55'),
	(74, 23, '2024-11-01 09:17:23'),
	(75, 54, '2024-11-01 11:28:45'),
	(76, 31, '2024-11-01 14:39:12'),
	(77, 8, '2024-11-01 17:40:34'),
	(78, 64, '2024-11-02 08:51:12'),
	(79, 19, '2024-11-02 11:02:23'),
	(80, 47, '2024-11-02 14:13:34'),
	(81, 91, '2024-11-02 17:24:45'),
	(82, 34, '2024-11-03 09:35:56'),
	(83, 73, '2024-11-03 11:46:21'),
	(84, 60, '2024-11-03 14:57:43'),
	(85, 1, '2024-11-03 17:08:54'),
	(86, 51, '2024-11-04 08:19:32'),
	(87, 16, '2024-11-04 11:20:11'),
	(88, 84, '2024-11-04 14:31:22'),
	(89, 7, '2024-11-04 17:42:33'),
	(90, 39, '2024-11-05 09:53:44'),
	(91, 78, '2024-11-05 11:04:55'),
	(92, 5, '2024-11-05 14:15:16'),
	(93, 23, '2024-11-05 17:26:27'),
	(94, 54, '2024-11-06 08:37:38'),
	(95, 31, '2024-11-06 11:48:49'),
	(96, 8, '2024-11-06 14:59:00'),
	(97, 64, '2024-11-06 17:10:11'),
	(98, 19, '2024-11-07 09:21:22'),
	(99, 47, '2024-11-07 11:32:33'),
	(100, 91, '2024-11-07 14:43:44'),
	(101, 34, '2024-11-07 17:54:55'),
	(102, 73, '2024-11-08 08:05:16'),
	(103, 60, '2024-11-08 11:16:27'),
	(104, 1, '2024-11-08 14:27:38'),
	(105, 51, '2024-11-08 17:38:49'),
	(106, 16, '2024-11-09 09:49:00'),
	(107, 84, '2024-11-09 11:50:11'),
	(108, 7, '2024-11-09 14:01:22'),
	(109, 39, '2024-11-09 17:12:33'),
	(110, 78, '2024-11-10 08:23:44'),
	(111, 5, '2024-11-10 11:34:55'),
	(112, 23, '2024-11-10 14:45:16'),
	(113, 54, '2024-11-10 17:56:27'),
	(114, 31, '2024-11-11 09:07:38'),
	(115, 8, '2024-11-11 11:18:49'),
	(116, 64, '2024-11-11 14:29:00'),
	(117, 19, '2024-11-11 17:30:11'),
	(118, 47, '2024-11-12 08:41:22'),
	(119, 91, '2024-11-12 11:52:33'),
	(120, 34, '2024-11-12 14:03:44'),
	(121, 73, '2024-11-12 17:14:55'),
	(122, 60, '2024-11-13 09:25:16'),
	(123, 1, '2024-11-13 11:36:27'),
	(124, 51, '2024-11-13 14:47:38'),
	(125, 16, '2024-11-13 17:58:49'),
	(126, 84, '2024-11-14 08:09:00'),
	(127, 7, '2024-11-14 11:10:11'),
	(128, 39, '2024-11-14 14:21:22'),
	(129, 78, '2024-11-14 17:32:33'),
	(130, 5, '2024-11-15 09:43:44'),
	(131, 23, '2024-11-15 11:54:55'),
	(132, 54, '2024-11-15 14:05:16'),
	(133, 31, '2024-11-15 17:16:27'),
	(134, 8, '2024-11-16 08:27:38'),
	(135, 64, '2024-11-16 11:38:49'),
	(136, 19, '2024-11-16 14:49:00'),
	(137, 47, '2024-11-16 17:50:11'),
	(138, 91, '2024-11-17 09:01:22'),
	(139, 34, '2024-11-17 11:12:33'),
	(140, 73, '2024-11-17 14:23:44'),
	(141, 60, '2024-11-17 17:34:55'),
	(142, 1, '2024-11-18 08:45:16'),
	(143, 51, '2024-11-18 11:56:27'),
	(144, 16, '2024-11-18 14:07:38'),
	(145, 84, '2024-11-18 17:18:49'),
	(146, 7, '2024-11-19 09:29:00'),
	(147, 39, '2024-11-19 11:30:11'),
	(148, 78, '2024-11-19 14:41:22'),
	(149, 5, '2024-11-19 17:52:33'),
	(150, 23, '2024-11-20 08:03:44'),
	(151, 54, '2024-11-20 11:14:55'),
	(152, 31, '2024-11-20 14:25:16'),
	(153, 8, '2024-11-20 17:36:27'),
	(154, 64, '2024-11-21 09:47:38'),
	(155, 19, '2024-11-21 11:58:49'),
	(156, 47, '2024-11-21 14:09:00'),
	(157, 91, '2024-11-21 17:10:11'),
	(158, 34, '2024-11-22 08:21:22'),
	(159, 73, '2024-11-22 11:32:33'),
	(160, 60, '2024-11-22 14:43:44'),
	(161, 1, '2024-11-22 17:54:55'),
	(162, 51, '2024-11-23 09:05:16'),
	(163, 16, '2024-11-23 11:16:27'),
	(164, 84, '2024-11-23 14:27:38'),
	(165, 7, '2024-11-23 17:38:49'),
	(166, 39, '2024-11-24 08:49:00'),
	(167, 78, '2024-11-24 11:50:11'),
	(168, 5, '2024-11-24 14:01:22'),
	(169, 23, '2024-11-24 17:12:33'),
	(170, 54, '2024-11-25 09:23:44'),
	(171, 31, '2024-11-25 11:34:55'),
	(172, 8, '2024-11-25 14:45:16'),
	(173, 64, '2024-11-25 17:56:27'),
	(174, 19, '2024-11-26 08:07:38'),
	(175, 47, '2024-11-26 11:18:49'),
	(176, 91, '2024-11-26 14:29:00'),
	(177, 34, '2024-11-26 17:30:11'),
	(178, 73, '2024-11-27 08:41:22'),
	(179, 60, '2024-11-27 11:52:33'),
	(180, 1, '2024-11-27 14:03:44'),
	(181, 51, '2024-11-27 17:14:55');

/*!40103 SET TIME_ZONE=IFNULL(@OLD_TIME_ZONE, 'system') */;
/*!40101 SET SQL_MODE=IFNULL(@OLD_SQL_MODE, '') */;
/*!40014 SET FOREIGN_KEY_CHECKS=IFNULL(@OLD_FOREIGN_KEY_CHECKS, 1) */;
/*!40101 SET CHARACTER_SET_CLIENT=@OLD_CHARACTER_SET_CLIENT */;
/*!40111 SET SQL_NOTES=IFNULL(@OLD_SQL_NOTES, 1) */;
